Population,Allele: frequency (count)
  gnomADg:ALL,T: 0.418 (63179) A: 0.582 (88053) G: 0.000 
  gnomADg:afr,T: 0.138 (5697) A: 0.860 (35515) G: 0.000 
  gnomADg:ami,T: 0.412 (376) A: 0.589 (536) G: 0.000 
  gnomADg:amr,T: 0.435 (6585) A: 0.565 (8561) G: 0.000 
  gnomADg:asj,T: 0.559 (1940) A: 0.441 (1530) G: 0.000 
  gnomADg:eas,T: 0.190 (984) A: 0.812 (4200) G: 0.000 
  gnomADg:fin,T: 0.558 (5739) A: 0.443 (4553) G: 0.000 
  gnomADg:mid,T: 0.576 (181) A: 0.456 (133) G: 0.000 
  gnomADg:nfe,T: 0.575 (39019) A: 0.425 (28789) G: 0.000 
  gnomADg:remaining,T: 0.462 (960) A: 0.533 (1120) G: 0.000 
  gnomADg:sas,T: 0.353 (1698) A: 0.649 (3116) G: 0.000 